id,username,password,is_banned,created_at,updated_at
1,nva,123,0,4/3/2023,4/4/2023
2,nhoang,123,0,4/3/2023,4/4/2023
3,tphu,123,0,4/3/2023,4/4/2023
4,msang,123,0,4/3/2023,4/4/2023
5,tphuong,123,0,4/3/2023,4/4/2023
6,hphouong,123,0,4/3/2023,4/4/2023
7,bkhoi,123,0,4/3/2023,4/4/2023
8,linhmin,123,0,4/3/2023,4/4/2023
9,mkhang,123,0,4/3/2023,4/4/2023
10,trung,123,0,4/3/2023,4/4/2023
11,tritran,123,0,4/3/2023,4/4/2023
12,tary,321,0,4/3/2023,4/4/2023
13,doanhpham,322,0,4/3/2023,4/4/2023
14,tminh,323,0,4/3/2023,4/4/2023
15,trongle,324,0,4/3/2023,4/4/2023
16,nhannguyen,325,0,4/3/2023,4/4/2023
17,uyentran,326,0,4/3/2023,4/4/2023
18,tai,327,0,4/3/2023,4/4/2023
19,nquynh,328,0,4/3/2023,4/4/2023
20,thieu,329,0,4/3/2023,4/4/2023
21,dangthi,330,0,4/3/2023,4/4/2023
22,ocoding,331,0,4/3/2023,4/4/2023
23,haduyen,332,0,4/3/2023,4/4/2023
24,minhchau,333,0,4/3/2023,4/4/2023
25,quocle,334,0,4/3/2023,4/4/2023
26,xuannhi,335,0,4/3/2023,4/4/2023
27,thuvu,336,0,4/3/2023,4/4/2023
28,kyanh,337,0,4/3/2023,4/4/2023
29,han,338,0,4/3/2023,4/4/2023
30,nmin,339,0,4/3/2023,4/4/2023
31,binh,340,0,4/3/2023,4/4/2023
32,hhao,341,0,4/3/2023,4/4/2023
33,vann,342,0,4/3/2023,4/4/2023
34,bui,343,0,4/3/2023,4/4/2023
35,lily,344,0,4/3/2023,4/4/2023
36,pora,345,0,4/3/2023,4/4/2023
37,nguyendiem,346,0,4/3/2023,4/4/2023
38,lemy,347,0,4/3/2023,4/4/2023
39,khaitruc,348,0,4/3/2023,4/4/2023
40,phuongbui,349,0,4/3/2023,4/4/2023
